{
  "exp1": {
    "pairs": 30,
    "similar_pairs": 30,
    "mean_early_loop_diff": 0.006891800685135878,
    "mean_score_diff": 0.027805895856939527,
    "class_diff_rate": 0.0
  },
  "exp2": {
    "DLA": {
      "robust_fraction": 1.0,
      "mean_score": 0.9849600459224377,
      "mean_early_loop": 1.0,
      "mean_beta1": 26.05
    },
    "RLA": {
      "robust_fraction": 1.0,
      "mean_score": 0.9769119085310921,
      "mean_early_loop": 1.0,
      "mean_beta1": 26.0
    },
    "BURST_NUCLEATION": {
      "robust_fraction": 1.0,
      "mean_score": 0.9728018038080501,
      "mean_early_loop": 1.0,
      "mean_beta1": 26.0
    }
  },
  "exp3": {
    "DLA": {
      "time": [
        0.0,
        4.166666666666667,
        8.333333333333334,
        12.5,
        16.666666666666668,
        20.833333333333336,
        25.0,
        29.166666666666668,
        33.333333333333336,
        37.5,
        41.66666666666667,
        45.833333333333336,
        50.0,
        54.16666666666667,
        58.333333333333336,
        62.50000000000001,
        66.66666666666667,
        70.83333333333334,
        75.0,
        79.16666666666667,
        83.33333333333334,
        87.5,
        91.66666666666667,
        95.83333333333334,
        100.0
      ],
      "mean_beta0": [
        75.0,
        1.0,
        1.0,
        1.0,
        1.0,
        1.0,
        1.0,
        1.0,
        1.0,
        1.0,
        1.0,
        1.0,
        1.0,
        1.0,
        1.0,
        1.0,
        1.0,
        1.0,
        1.0,
        1.0,
        1.0,
        1.0,
        1.0,
        1.0,
        1.0
      ],
      "mean_beta1": [
        0.0,
        24.889568841075118,
        26.0,
        26.0,
        26.0,
        26.0,
        26.0,
        26.0,
        26.0,
        26.0,
        26.0,
        26.0,
        26.0,
        26.0,
        26.0,
        26.0,
        26.0,
        26.0,
        26.0,
        26.0,
        26.0,
        26.0,
        26.0,
        26.0,
        26.0
      ]
    },
    "RLA": {
      "time": [
        0.0,
        4.166666666666667,
        8.333333333333334,
        12.5,
        16.666666666666668,
        20.833333333333336,
        25.0,
        29.166666666666668,
        33.333333333333336,
        37.5,
        41.66666666666667,
        45.833333333333336,
        50.0,
        54.16666666666667,
        58.333333333333336,
        62.50000000000001,
        66.66666666666667,
        70.83333333333334,
        75.0,
        79.16666666666667,
        83.33333333333334,
        87.5,
        91.66666666666667,
        95.83333333333334,
        100.0
      ],
      "mean_beta0": [
        75.0,
        7.404696469250508,
        2.0291316268933675,
        1.1473784468118757,
        1.0,
        1.0,
        1.0,
        1.0,
        1.0,
        1.0,
        1.0,
        1.0,
        1.0,
        1.0,
        1.0,
        1.0,
        1.0,
        1.0,
        1.0,
        1.0,
        1.0,
        1.0,
        1.0,
        1.0,
        1.0
      ],
      "mean_beta1": [
        0.0,
        6.4113382584827745,
        15.879368577612507,
        21.134708089321702,
        23.723826602442795,
        24.886894886761848,
        25.469943267368205,
        25.801935702434445,
        25.925831017856044,
        25.98184915415394,
        25.99867185462229,
        26.0,
        26.0,
        26.0,
        26.0,
        26.0,
        26.0,
        26.0,
        26.0,
        26.0,
        26.0,
        26.0,
        26.0,
        26.0,
        26.0
      ]
    }
  },
  "exp4": {
    "static_max_corr": 0.16645251899771754,
    "topo_max_corr": 0.17875790025485516,
    "temporal_key_corr": 0.013726358809953338,
    "static_acc": 56.6581007599087,
    "topo_acc": 57.1503160101942,
    "temporal_acc": 57.1503160101942,
    "advantage": 0.49221525028550417
  }
}